riimkuus,e1187c1d-0ca0-3b88-9c0f-4caa088a42fc
blaynnn,2cd57267-6a4f-3a10-bc8f-99ac2184e874
onlybis,b15e993b-9786-3127-97cf-0b264d87cd19
teddyston,6b390034-b8ed-3b8d-98f5-be9dc4b754e0
elhim,675da368-3e8e-389b-b7a1-8cd618ba9b93
cookiecreepy_,3ba55e56-299a-3b59-864b-614e792abb71
yonuu,6865f91e-2d2a-3b95-bbb6-e0c1cb6e3fb7
macron,9bfb3048-b6ff-37c4-b613-60a0456ed7f3
lebossed6732,07df6cb1-fb67-3532-b16a-30d5b51487dc
debza_7890,a7be356a-87fa-36bd-8872-71471262bacf
sami,0074e7e9-6583-3d5c-a83d-00f41eb06d09
